task_id,dataset_name,model,pipeline,model_family,cv_accuracy,runtime_sec,status,hyperparameters,max_depth,n_estimators,num_leaves,attr_conc.mean,attr_ent.mean,can_cor.mean,class_conc.mean,class_ent,cor.mean,cov.mean,eigenvalues.mean,eq_num_attr,g_mean.mean,gravity,h_mean.mean,iq_range.mean,joint_ent.mean,kurtosis.mean,lh_trace,mad.mean,max.mean,mean.mean,median.mean,min.mean,mut_inf.mean,nr_cor_attr,nr_disc,nr_norm,nr_outliers,ns_ratio,p_trace,range.mean,roy_root,sd.mean,sd_ratio,skewness.mean,sparsity.mean,t_mean.mean,var.mean,w_lambda,task_type,class_imbalance,dimensionality,n_classes,n_features,n_instances,mfe_error,landmark_1nn,landmark_nb,landmark_tree,n_rows,majority_class_ratio,sparsity
3,kr-vs-kp,LGBMClassifier,"Pipeline(steps=[('maxabsscaler', MaxAbsScaler()),
                ('passthrough', Passthrough()),
                ('featureunion-1',
                 FeatureUnion(transformer_list=[('featureunion',
                                                 FeatureUnion(transformer_list=[('kbinsdiscretizer',
                                                                                 KBinsDiscretizer(encode='onehot-dense',
                                                                                                  n_bins=99,
                                                                                                  random_state=42,
                                                                                                  strategy='kmeans'))])),
                                                ('passthrough',
                                                 Passthrough())])),
                ('featureunion-2',
                 FeatureUnion(transformer_list=[('skiptransformer',
                                                 SkipTransformer()),
                                                ('passthrough',
                                                 Passthrough())])),
                ('lgbmclassifier',
                 LGBMClassifier(boosting_type='dart', max_depth=6,
                                n_estimators=67, n_jobs=1, num_leaves=93,
                                random_state=42, verbose=-1))])",gradient_boosting,0.9753521126760564,307.94692182540894,success,"{""max_depth"": 6, ""n_estimators"": 67, ""num_leaves"": 93}",6.0,67.0,93.0,0.1278174102791871,0.5439179620721867,0.8030195494896433,0.1107931031714213,0.9987870748635468,0.09449612373282724,0.012268960203084798,0.12960096486599457,57.20227498484067,0.0,1.0744805170191263,0.0,0.3835616438356164,1.525244418889891,77.62544798396476,1.8156355372798128,0.0,1.0,0.4931506849315068,0.4931506849315068,0.0,0.017460618045842372,0.027777777777777776,1,0.0,45,30.15112882282546,0.6448403968625497,1.0,1.8156355372798128,0.329606296965654,0.0,0.05459177245558052,0.49974987493746875,0.4928881278538813,0.12960096486599465,0.35515960313745026,classification,0.5205,0.0365,2,110,2000,0,0.7478042321051598,0.6380146629201936,0.5262981264698888,3196,0.522215269086358,0.6727272727272727
6,letter,LGBMClassifier,"Pipeline(steps=[('maxabsscaler', MaxAbsScaler()),
                ('selectfwe', SelectFwe(alpha=0.0005115425765)),
                ('featureunion-1',
                 FeatureUnion(transformer_list=[('skiptransformer',
                                                 SkipTransformer()),
                                                ('passthrough',
                                                 Passthrough())])),
                ('featureunion-2',
                 FeatureUnion(transformer_list=[('skiptransformer',
                                                 SkipTransformer()),
                                                ('passthrough',
                                                 Passthrough())])),
                ('lgbmclassifier',
                 LGBMClassifier(max_depth=5, n_estimators=71, n_jobs=1,
                                num_leaves=121, random_state=42, verbose=-1))])",gradient_boosting,0.9368123706081836,458.6958191394806,success,"{""max_depth"": 5, ""n_estimators"": 71, ""num_leaves"": 121}",5.0,71.0,121.0,0.04664350210629442,2.7910823697215994,0.4787714124527419,0.12023629340060624,4.693610121380583,0.1823203503774347,0.951772544605636,5.393675837918958,9.111395164118804,0.9460735984296684,11.500941745174654,0.9082869375105995,2.625,6.9695562208782444,0.7184616583337584,12.225128067142066,2.038575,14.4375,5.9265625,5.75,0.1875,0.5151362702239377,0.125,16,0.0,15,4.4181437632187555,4.788466681985016,14.25,3.7299231629563483,2.2863536477610706,2.0456855298492935,0.28851059301673176,0.06633719790298079,5.842083333333334,5.393675837918959,0.0008077800696011451,classification,0.0465,0.008,26,16,2000,0,0.9531501072711142,0.6426997807025341,0.07179999535876791,20000,0.04065,0.026209375
11,balance-scale,MLPClassifier,"Pipeline(steps=[('robustscaler',
                 RobustScaler(quantile_range=(0.0879748526031,
                                              0.9105512846415))),
                ('selectfwe', SelectFwe(alpha=0.0012903345738)),
                ('featureunion-1',
                 FeatureUnion(transformer_list=[('skiptransformer',
                                                 SkipTransformer()),
                                                ('passthrough',
                                                 Passthrough())])),
                ('featureunion-2',
                 FeatureUnion(transformer_list=[('skiptransformer',
                                                 SkipTransformer()),
                                                ('passthrough',
                                                 Passthrough())])),
                ('mlpclassifier',
                 MLPClassifier(activation='tanh', alpha=0.0199617601623,
                               hidden_layer_sizes=[203, 203],
                               learning_rate_init=0.0540095075407,
                               n_iter_no_change=32, random_state=42))])",other,0.9680157756775606,353.7866778373718,success,{},,,,-6.250002346150688e-08,2.3219280948873626,0.423927351197078,0.04375591335433088,1.318116246441582,0.0,0.0,2.003205128205128,9.738297352507818,2.6051710846973517,1.2190676701606842,2.1897810218978107,2.0,3.5046904700382777,-1.3054356480000002,2.093474808770955,1.4826,5.0,3.0,3.0,1.0,0.13535387129066656,0.0,2,0.0,0,16.154500811440574,0.6773099773242636,4.0,2.0928366466777835,1.4153462926807447,1.3063253678127456,0.0,0.1987179487179487,3.0,2.003205128205128,0.3231215738378679,classification,0.4608,0.0064,3,4,625,0,0.7344497607655502,0.6641439700650227,0.4640074837443258,625,0.4608,0.0
12,mfeat-factors,LGBMClassifier,"Pipeline(steps=[('maxabsscaler', MaxAbsScaler()),
                ('selectfwe', SelectFwe(alpha=0.0005115425765)),
                ('featureunion-1',
                 FeatureUnion(transformer_list=[('skiptransformer',
                                                 SkipTransformer()),
                                                ('passthrough',
                                                 Passthrough())])),
                ('featureunion-2',
                 FeatureUnion(transformer_list=[('skiptransformer',
                                                 SkipTransformer()),
                                                ('passthrough',
                                                 Passthrough())])),
                ('lgbmclassifier',
                 LGBMClassifier(max_depth=5, n_estimators=71, n_jobs=1,
                                num_leaves=121, random_state=42, verbose=-1))])",gradient_boosting,0.9643808279050811,442.5291917324066,success,"{""max_depth"": 5, ""n_estimators"": 71, ""num_leaves"": 121}",5.0,71.0,121.0,0.023240259853976753,3.530557172490266,0.9229110758714805,0.08833266103872965,3.321928094887362,0.2539138338290477,759.430442238129,4676.691732456229,5.259510298358692,316.63816420154325,1169.4119476899493,311.84158811638895,70.62375,6.220881200374656,-0.3303879054234924,84.86524199075517,50.375041499999995,485.09,326.16884,326.1225,192.81,0.6316040670029716,0.11773869346733669,9,1.0,119,4.589826533643356,7.687401634335119,292.28,24.09882468322621,50.603829360616885,0.0,0.031687082839119085,0.018257371812363463,325.90748333333335,4676.691732456228,4.978392620328224e-09,classification,0.1,0.1,10,216,2000,0,0.9420012216114166,0.9240004622313468,0.18749934342138241,2000,0.1,0.005442129629629629
14,mfeat-fourier,RandomForestClassifier,"Pipeline(steps=[('standardscaler', StandardScaler()),
                ('selectpercentile',
                 SelectPercentile(percentile=21.9321322507746)),
                ('featureunion-1',
                 FeatureUnion(transformer_list=[('featureunion',
                                                 FeatureUnion(transformer_list=[('columnordinalencoder',
                                                                                 ColumnOrdinalEncoder())])),
                                                ('passthrough',
                                                 Passthrough())])),
                ('featureunion-2',
                 FeatureUnion(transformer_list=[('skiptransformer',
                                                 SkipTransformer()),
                                                ('passthrough',
                                                 Passthrough())])),
                ('randomforestclassifier',
                 RandomForestClassifier(bootstrap=False, criterion='entropy',
                                        max_features=0.1355955425177,
                                        min_samples_leaf=9,
                                        min_samples_split=16, n_estimators=128,
                                        n_jobs=1, random_state=42))])",random_forest,0.8237592315421858,310.799143075943,success,"{""max_depth"": null, ""n_estimators"": 128}",,128.0,,0.014993095466354845,3.584956441221679,0.7214369787874415,0.03862234908914019,3.321928094887362,0.14589066038128862,0.0007167773171461904,0.005520282684969965,11.401216482645065,0.11176989956186348,0.797043009074108,0.08415997438098963,0.09598725911184211,6.6155184261905084,0.11259554101330853,30.989930256418557,0.06997288616407896,0.3819513794736842,0.13203208401769737,0.1262276590789474,0.003192156710526316,0.2913661099185339,0.00631578947368421,9,0.0,69,11.303958213342087,5.107712527881367,0.37875922276315793,16.403901197805222,0.0671079516668835,2.100858788656289,0.5438839049092433,1.6084735963029035e-06,0.12739265661875,0.005520282684969967,5.040807615360032e-05,classification,0.1,0.038,10,76,2000,0,0.8230014122068096,0.7535091313202257,0.18750234492363427,2000,0.1,0.0
15,breast-w,LinearDiscriminantAnalysis,"Pipeline(steps=[('maxabsscaler', MaxAbsScaler()),
                ('passthrough', Passthrough()),
                ('featureunion-1',
                 FeatureUnion(transformer_list=[('featureunion',
                                                 FeatureUnion(transformer_list=[('rbfsampler',
                                                                                 RBFSampler(gamma=0.1982368841715,
                                                                                            n_components=1,
                                                                                            random_state=42)),
                                                                                ('binarizer',
                                                                                 Binarizer(threshold=0.8343247003721))])),
                                                ('passthrough',
                                                 Passthrough())])),
                ('featureunion-2',
                 FeatureUnion(transformer_list=[('skiptransformer',
                                                 SkipTransformer()),
                                                ('passthrough',
                                                 Passthrough())])),
                ('lineardiscriminantanalysis',
                 LinearDiscriminantAnalysis(shrinkage=0.4254049657166,
                                            solver='lsqr'))])",other,0.9606693117129549,306.2427268028259,success,{},,,,0.20575079829008613,1.838680443533674,0.9158893450408837,0.253030634806316,0.9293179372497983,0.6003818891785541,4.674606045658531,7.843880761118236,1.8764875297157033,2.0029173833058964,13.29432899810059,1.5699328232700152,3.0,2.272755048476013,1.6573845120513662,5.205525478251678,0.4942,10.0,3.126688920680337,1.6666666666666667,0.8888888888888888,0.4952433323074597,0.75,1,0.0,5,2.712680865316879,0.838853292359419,9.11111111111111,5.205525478251678,2.7507306592961687,1.4486531896412242,1.4739855354144622,0.09893539019613519,2.2222222222222223,7.843880761118239,0.16114670764058106,classification,0.6552217453505007,0.012875536480686695,2,9,699,0,0.9570815450643777,0.9613733905579398,0.9041487839771102,699,0.6552217453505007,0.002543315848036878
16,mfeat-karhunen,LGBMClassifier,"Pipeline(steps=[('maxabsscaler', MaxAbsScaler()),
                ('selectfwe', SelectFwe(alpha=0.0005115425765)),
                ('featureunion-1',
                 FeatureUnion(transformer_list=[('skiptransformer',
                                                 SkipTransformer()),
                                                ('passthrough',
                                                 Passthrough())])),
                ('featureunion-2',
                 FeatureUnion(transformer_list=[('skiptransformer',
                                                 SkipTransformer()),
                                                ('passthrough',
                                                 Passthrough())])),
                ('lgbmclassifier',
                 LGBMClassifier(max_depth=5, n_estimators=71, n_jobs=1,
                                num_leaves=121, random_state=42, verbose=-1))])",gradient_boosting,0.9506257422124783,316.10380005836487,success,"{""max_depth"": 5, ""n_estimators"": 71, ""num_leaves"": 121}",5.0,71.0,121.0,0.008080232584856654,3.5849565906921574,0.8098470653325873,0.03604646814485218,3.321928094887362,0.1072004660490464,0.5524602893457023,6.491588677205073,12.06035335179629,0.0,18.49833337249563,0.0,2.9604338379296875,6.631442665102352,-0.0514900121007718,29.175618867668188,2.182102207215,6.893724891875,0.05308473924664062,0.04568855382812502,-6.7565145228125,0.27544202047716854,0.000496031746031746,9,28.0,61,12.015285701439717,6.007493832181574,13.6502394146875,10.861036795391549,2.1526628287026788,1.9060359245845857,-0.00427923625665644,1.517067369877409e-06,0.0462514596875,6.491588677205074,1.256370428294951e-05,classification,0.1,0.032,10,64,2000,0,0.9689997343670508,0.9335024679852265,0.18600084342213274,2000,0.1,0.0
18,mfeat-morphological,LGBMClassifier,"Pipeline(steps=[('maxabsscaler', MaxAbsScaler()),
                ('selectfwe', SelectFwe(alpha=0.0005115425765)),
                ('featureunion-1',
                 FeatureUnion(transformer_list=[('skiptransformer',
                                                 SkipTransformer()),
                                                ('passthrough',
                                                 Passthrough())])),
                ('featureunion-2',
                 FeatureUnion(transformer_list=[('skiptransformer',
                                                 SkipTransformer()),
                                                ('passthrough',
                                                 Passthrough())])),
                ('lgbmclassifier',
                 LGBMClassifier(max_depth=2, n_estimators=65, n_jobs=1,
                                num_leaves=253, random_state=42, verbose=-1))])",gradient_boosting,0.7218814193327758,312.96838092803955,success,"{""max_depth"": 2, ""n_estimators"": 65, ""num_leaves"": 253}",2.0,65.0,253.0,0.24982278901589205,2.6010475566519244,0.6018713397624926,0.4526141720697969,3.321928094887362,0.5727573352912986,6498.553949737279,2353407.4348732415,2.681516244088238,860.9859275544521,2168.300552755149,695.1521016090242,1006.6428627587497,4.684151123733051,-0.540357257851879,44.99132757554076,708.3668575965311,2969.839272355,1052.6997316402774,901.6869907466667,256.69782190666666,1.2388245278062358,0.7333333333333333,6,0.0,1,1.0996093460128469,2.7623470707467828,2713.141450448333,39.95986418375834,630.9070825140196,0.0,0.5307700993518086,0.1069700579873133,960.9828335317335,2353407.4348732415,0.0015175958808919523,classification,0.1,0.003,10,6,2000,0,0.44050422236329284,0.6955020988004496,0.19449959704832268,2000,0.1,0.20333333333333334
23,cmc,XGBClassifier,"Pipeline(steps=[('normalizer', Normalizer(norm='l1')),
                ('passthrough', Passthrough()),
                ('featureunion-1',
                 FeatureUnion(transformer_list=[('skiptransformer',
                                                 SkipTransformer()),
                                                ('passthrough',
                                                 Passthrough())])),
                ('featureunion-2',
                 FeatureUnion(transformer_list=[('skiptransformer',
                                                 SkipTransformer()),
                                                ('passthrough',
                                                 Passthrough())])),
                ('xgbclassifier',
                 XGBClassif...
                               feature_types=None, feature_weights=None,
                               gamma=3.1242509536648, grow_policy=None,
                               importance_type=None,
                               interaction_constraints=None,
                               learning_rate=0.0103589205398, max_bin=None,
                               max_cat_threshold=None, max_cat_to_onehot=None,
                               max_delta_step=None, max_depth=8,
                               max_leaves=None, min_child_weight=6, missing=nan,
                               monotone_constraints=None, multi_strategy=None,
                               n_estimators=100, n_jobs=1, nthread=1, ...))])",other,0.5399054023645081,310.2590398788452,success,"{""max_depth"": 8, ""n_estimators"": 100}",8.0,100.0,,0.06909964968624054,0.8605725719356,0.3405634210300851,0.038462831856026405,1.5390345832497476,0.13224579593347063,0.08411929526156812,3.192465396152484,87.07468959284654,1.3122039174092952,1.410713084121072,1.269002596448045,1.0833333333333333,2.38193227640661,4.234741490235979,0.27817805148901953,0.4942,3.625,1.7833220185562342,1.625,0.6666666666666666,0.017674878778737375,0.03260869565217391,2,0.0,13,47.689022578805826,0.23998427501982764,2.9583333333333335,0.19491040348020428,0.7872051681893275,0.0,1.2747874111192685,0.46197134084612096,1.6805084745762713,3.1924653961524854,0.7725540696126997,classification,0.4270196877121521,0.016293279022403257,3,31,1473,0,0.4419551934826884,0.43652410047522067,0.4270196877121521,1473,0.4270196877121521,0.7118016775069531
22,mfeat-zernike,MLPClassifier,"Pipeline(steps=[('robustscaler',
                 RobustScaler(quantile_range=(0.2475690452454,
                                              0.9671736154307))),
                ('selectfwe', SelectFwe(alpha=0.0012903345738)),
                ('featureunion-1',
                 FeatureUnion(transformer_list=[('skiptransformer',
                                                 SkipTransformer()),
                                                ('passthrough',
                                                 Passthrough())])),
                ('featureunion-2',
                 FeatureUnion(transformer_list=[('skiptransformer',
                                                 SkipTransformer()),
                                                ('passthrough',
                                                 Passthrough())])),
                ('mlpclassifier',
                 MLPClassifier(activation='logistic', alpha=0.0004588425425,
                               early_stopping=True,
                               hidden_layer_sizes=[368, 368],
                               learning_rate='invscaling',
                               learning_rate_init=0.0009543257851,
                               n_iter_no_change=32, random_state=42))])",other,0.7931326461060634,451.75719809532166,success,{},,,,0.029699635730428862,3.584956726082243,0.7160985586972514,0.05397938200340831,3.321928094887362,0.2577673468649649,386.5446035561373,2910.4386186554443,8.330996171658219,76.10954922235662,532.6752210221024,59.27453675011991,56.50728719276595,6.508141618303341,0.7268303504961955,20.237850467851686,40.98755702567891,221.22523790510638,88.63642941472713,83.48502914585106,13.034599618723405,0.3987432026662615,0.1267345050878816,9,0.0,40,7.990640347248165,5.138584694530007,208.190638286383,7.218153668562916,40.125452921755205,0.0,0.7896442267750822,1.591106059069886e-06,84.67692958992872,2910.4386186554443,0.00011890896299392166,classification,0.1,0.0235,10,47,2000,0,0.8015084049566809,0.7305026165595881,0.18550034292163228,2000,0.1,0.0
28,optdigits,LGBMClassifier,"Pipeline(steps=[('maxabsscaler', MaxAbsScaler()),
                ('selectfwe', SelectFwe(alpha=0.0005115425765)),
                ('featureunion-1',
                 FeatureUnion(transformer_list=[('skiptransformer',
                                                 SkipTransformer()),
                                                ('passthrough',
                                                 Passthrough())])),
                ('featureunion-2',
                 FeatureUnion(transformer_list=[('skiptransformer',
                                                 SkipTransformer()),
                                                ('passthrough',
                                                 Passthrough())])),
                ('lgbmclassifier',
                 LGBMClassifier(max_depth=5, n_estimators=71, n_jobs=1,
                                num_leaves=121, random_state=42, verbose=-1))])",gradient_boosting,0.9770894585412675,329.14741587638855,success,"{""max_depth"": 5, ""n_estimators"": 71, ""num_leaves"": 121}",5.0,71.0,121.0,0.030728949444858957,2.060447039236656,0.799762934188378,0.11627497125546628,3.319652535230062,0.12172052156948215,2.4037224385593112,19.51981920799109,10.190582164203187,0.0,42.11685502049588,0.0,6.262096774193548,5.054342666594358,121.83133400109436,24.90068829445072,3.778238709677419,13.596774193548388,5.068596774193548,4.903225806451613,0.0,0.32575690787236095,0.030142781597038603,9,0.0,29,5.325106204789942,5.867167228355682,13.596774193548388,6.69462997905809,3.815801283859557,0.0,4.894571591695847,0.1063444175436604,4.933118279569892,19.519819207991087,2.2844952574196348e-05,classification,0.109,0.031,10,64,2000,0,0.9832737037376807,0.7973271810101533,0.19484015488690132,5620,0.10177935943060498,0.4883868994661922
29,credit-approval,LGBMClassifier,"Pipeline(steps=[('robustscaler',
                 RobustScaler(quantile_range=(0.0357137639437,
                                              0.7465163847022))),
                ('selectpercentile',
                 SelectPercentile(percentile=70.0328148628477)),
                ('featureunion-1',
                 FeatureUnion(transformer_list=[('skiptransformer',
                                                 SkipTransformer()),
                                                ('passthrough',
                                                 Passthrough())])),
                ('featureunion-2',
                 FeatureUnion(transformer_list=[('skiptransformer',
                                                 SkipTransformer()),
                                                ('passthrough',
                                                 Passthrough())])),
                ('lgbmclassifier',
                 LGBMClassifier(class_weight='balanced', max_depth=1,
                                n_estimators=79, n_jobs=1, num_leaves=237,
                                random_state=42, verbose=-1))])",gradient_boosting,0.8695652173913043,307.64414072036743,success,"{""max_depth"": 1, ""n_estimators"": 79, ""num_leaves"": 237}",1.0,79.0,237.0,0.05059718568839862,0.7001136790740538,0.7869357789687274,0.0499002048725227,0.9912308989033523,0.07956651127279996,50.37822641794203,532856.0063124975,24.19554206260746,0.0,1840.5965862549483,0.0,12.616372549019607,1.6503770767600958,52.24143931684085,1.626518891134075,3.3467514705882353,2004.8774509803923,24.457541631145215,4.018039215686275,0.0,0.04096750121731024,0.025098039215686273,1,0.0,42,16.08948943115502,0.6192679202211178,2004.8774509803923,1.626518891134075,106.31387876437512,0.0,4.880644138775563,0.44171267899353134,5.720037179122857,532856.0063124977,0.38073207977888224,classification,0.5550724637681159,0.07391304347826087,2,56,690,0,0.6376811594202898,0.8188405797101449,0.8550724637681161,690,0.5550724637681159,0.7563664596273292
31,credit-g,AdaBoostClassifier,"Pipeline(steps=[('passthrough', Passthrough()),
                ('selectpercentile',
                 SelectPercentile(percentile=47.8750594659082)),
                ('featureunion-1',
                 FeatureUnion(transformer_list=[('skiptransformer',
                                                 SkipTransformer()),
                                                ('passthrough',
                                                 Passthrough())])),
                ('featureunion-2',
                 FeatureUnion(transformer_list=[('skiptransformer',
                                                 SkipTransformer()),
                                                ('passthrough',
                                                 Passthrough())])),
                ('adaboostclassifier',
                 AdaBoostClassifier(learning_rate=0.6184852890321,
                                    n_estimators=363, random_state=42))])",other,0.7637727276993983,307.3514051437378,success,"{""n_estimators"": 363}",,363.0,,0.05372588787636797,0.7360176217059212,0.5305177655284918,0.024880090164551887,0.8812908992306927,0.06251764743658038,15.54150587582118,130625.05005164204,123.35913231515315,40.53368624193208,952.6892119846704,30.55322502359611,43.53688524590164,1.6101644134620314,9.52469182313457,0.3916898571300835,27.039221311475412,305.55737704918033,54.9030655737705,39.13934426229508,4.540983606557377,0.007144107474582464,0.008743169398907104,1,0.0,42,102.0244329784439,0.28144909954134384,301.0163934426229,0.3916898571300835,47.00667964763606,0.0,2.1221222718848534,0.4634020369740464,42.04562841530055,130625.0500516418,0.7185509004586561,classification,0.7,0.061,2,76,1000,0,0.6039932147716579,0.7169954385523248,0.699999400598203,1000,0.7,0.7368421052631579
37,diabetes,AdaBoostClassifier,"Pipeline(steps=[('maxabsscaler', MaxAbsScaler()),
                ('rfe',
                 RFE(estimator=ExtraTreesClassifier(bootstrap=True,
                                                    max_features=0.0749769127829,
                                                    min_samples_split=10,
                                                    n_jobs=1, random_state=42),
                     step=0.8236468765396)),
                ('featureunion-1',
                 FeatureUnion(transformer_list=[('skiptransformer',
                                                 SkipTransformer()),
                                                ('passthrough',
                                                 Passthrough())])),
                ('featureunion-2',
                 FeatureUnion(transformer_list=[('skiptransformer',
                                                 SkipTransformer()),
                                                ('passthrough',
                                                 Passthrough())])),
                ('adaboostclassifier',
                 AdaBoostClassifier(learning_rate=0.5443728687575,
                                    n_estimators=255, random_state=42))])",other,0.767144906743185,305.5494980812073,success,"{""n_estimators"": 255}",,255.0,,0.02884043879647566,2.958105757854844,0.5506842068290063,0.012489816958077828,0.9331343166407832,0.17165678897092662,109.35023488509584,1893.0594716960907,12.954877983803813,3.9807001879224595,45.24310842710197,3.786169797298347,31.2728125,3.819210502483649,2.7345612250230227,0.43524139649272914,15.6168744375,179.19,44.98579117838541,38.3590625,2.63475,0.07202957201197785,0.03571428571428571,1,0.0,8,40.06793467220572,0.3032530956508918,176.55525,0.43524139649272914,25.733742975451573,1.0325939949354754,0.5271805558363709,0.015922964296627953,40.20920779220779,1893.0594716960932,0.6967469043491082,classification,0.6510416666666666,0.010416666666666666,2,8,768,0,0.671875,0.7421875,0.7174479166666666,768,0.6510416666666666,0.12418619791666667
32,pendigits,LGBMClassifier,"Pipeline(steps=[('maxabsscaler', MaxAbsScaler()),
                ('selectfwe', SelectFwe(alpha=0.0005115425765)),
                ('featureunion-1',
                 FeatureUnion(transformer_list=[('skiptransformer',
                                                 SkipTransformer()),
                                                ('passthrough',
                                                 Passthrough())])),
                ('featureunion-2',
                 FeatureUnion(transformer_list=[('skiptransformer',
                                                 SkipTransformer()),
                                                ('passthrough',
                                                 Passthrough())])),
                ('lgbmclassifier',
                 LGBMClassifier(max_depth=5, n_estimators=71, n_jobs=1,
                                num_leaves=121, random_state=42, verbose=-1))])",gradient_boosting,0.9883998635278063,385.89949321746826,success,"{""max_depth"": 5, ""n_estimators"": 71, ""num_leaves"": 121}",5.0,71.0,121.0,0.052717306426576,3.236174787330845,0.6798236987506071,0.14404587800570368,3.3199522015402496,0.26531646266762,239.27771192262796,941.0584511630811,4.606519242265885,0.0,154.67925426680586,0.0,49.015625,5.835419654995462,-0.5392440103639753,15.994514685529262,31.82956875,100.0,50.865875,49.96875,0.0,0.7207073338756335,0.125,9,0.0,3,3.4902759209181093,4.543100413470668,100.0,6.586077229632047,29.954456393386714,0.0,-0.04168415476313983,0.009711402006136242,50.22453125,941.0584511630815,0.000505427987073731,classification,0.1105,0.008,10,16,2000,0,0.9875363901018922,0.8467066957787481,0.19814410480349345,10992,0.10407569141193596,0.12829785298398835
43,spambase,LGBMClassifier,"Pipeline(steps=[('maxabsscaler', MaxAbsScaler()),
                ('selectfwe', SelectFwe(alpha=0.0005115425765)),
                ('featureunion-1',
                 FeatureUnion(transformer_list=[('skiptransformer',
                                                 SkipTransformer()),
                                                ('passthrough',
                                                 Passthrough())])),
                ('featureunion-2',
                 FeatureUnion(transformer_list=[('skiptransformer',
                                                 SkipTransformer()),
                                                ('passthrough',
                                                 Passthrough())])),
                ('lgbmclassifier',
                 LGBMClassifier(max_depth=5, n_estimators=71, n_jobs=1,
                                num_leaves=121, random_state=42, verbose=-1))])",gradient_boosting,0.9451052160182375,319.0266261100769,success,"{""max_depth"": 5, ""n_estimators"": 71, ""num_leaves"": 121}",5.0,71.0,121.0,0.03503287482178717,1.0457074481765913,0.7674312431216194,0.052253167643281875,0.9706573616961269,0.06388068288747283,23.174716453278826,7330.328274829411,12.46057009355595,1.9850766250935503,299.970135101995,0.6694461503659364,4.80359649122807,1.9384664990885183,179.78291333311475,1.4327982833927542,2.3320777789473683,325.5379298245614,6.039563122807017,2.018482456140351,0.05263157894736842,0.0778983107841998,0.018170426065162906,1,0.0,57,12.42400672940771,0.5889507129191941,325.48529824561405,1.4327982833927542,14.326923124269138,3.0284794151277,9.911824161980205,0.009417564939277003,2.555486666666667,7330.328274829412,0.4110492870808059,classification,0.6005,0.0285,2,57,2000,0,0.7669967083712149,0.824588730671851,0.776345433067049,4601,0.6059552271245382,0.7741490217610969
45,splice,LGBMClassifier,"Pipeline(steps=[('maxabsscaler', MaxAbsScaler()),
                ('selectfwe', SelectFwe(alpha=0.0005115425765)),
                ('featureunion-1',
                 FeatureUnion(transformer_list=[('skiptransformer',
                                                 SkipTransformer()),
                                                ('passthrough',
                                                 Passthrough())])),
                ('featureunion-2',
                 FeatureUnion(transformer_list=[('skiptransformer',
                                                 SkipTransformer()),
                                                ('passthrough',
                                                 Passthrough())])),
                ('lgbmclassifier',
                 LGBMClassifier(max_depth=5, n_estimators=71, n_jobs=1,
                                num_leaves=121, random_state=42, verbose=-1))])",gradient_boosting,0.9584663947835304,310.8499000072479,success,"{""max_depth"": 5, ""n_estimators"": 71, ""num_leaves"": 121}",5.0,71.0,121.0,0.046552112013893684,0.6916780851456773,0.8482752359563708,0.02958763763831469,1.4788079651323782,0.04338620222126556,0.005268573847504176,0.1593389283025351,59.04686882229469,0.0,1.9212906458643504,0.0,0.369949494949495,2.145441403633321,242.7592196031924,5.282634840988985,0.0,1.0,0.2160378787878788,0.010101010101010102,0.0,0.025044646644734794,0.012613444085525304,2,0.0,125,26.617801718559715,1.4401704484221538,1.0,3.141845149979075,0.3735061293736913,0.0,6.723374199469597,0.49974987493746875,0.07603114478114478,0.1593389283025351,0.07687184155203655,classification,0.52,0.099,3,347,2000,0,0.6921678608562799,0.7896178003805373,0.6238258510811365,3190,0.5188087774294671,0.8270893371757925
49,tic-tac-toe,LGBMClassifier,"Pipeline(steps=[('normalizer', Normalizer(norm='max')),
                ('selectpercentile',
                 SelectPercentile(percentile=47.8750594659082)),
                ('featureunion-1',
                 FeatureUnion(transformer_list=[('skiptransformer',
                                                 SkipTransformer()),
                                                ('passthrough',
                                                 Passthrough())])),
                ('featureunion-2',
                 FeatureUnion(transformer_list=[('skiptransformer',
                                                 SkipTransformer()),
                                                ('passthrough',
                                                 Passthrough())])),
                ('lgbmclassifier',
                 LGBMClassifier(class_weight='balanced', max_depth=10,
                                n_estimators=65, n_jobs=1, num_leaves=102,
                                random_state=42, verbose=-1))])",gradient_boosting,0.9817606209150327,307.90520882606506,success,"{""max_depth"": 10, ""n_estimators"": 65, ""num_leaves"": 102}",10.0,65.0,102.0,0.026076748897168718,0.895252780681417,0.9660246487156884,0.014279053276212742,0.9309539862507962,0.09295116815636147,0.02067906346456007,0.2155583462424822,90.28036850075775,0.0,0.6304258113102096,0.0,0.8148148148148148,1.8158949571588292,-1.2481982424773295,13.970871607681856,0.0,1.0,0.33333333333333326,0.0,0.0,0.010311809773383706,0.025641025641025644,1,0.0,5,85.81820168872741,0.9332036219262692,1.0,13.970871607681856,0.46302359272589605,0.0,0.750905810890832,0.49947753396029276,0.22479423868312753,0.21555834624248232,0.06679637807373083,classification,0.6534446764091858,0.028183716075156576,2,36,958,0,0.7067104231974922,0.6555348746081505,0.699389367816092,958,0.6534446764091858,0.75
53,vehicle,LinearDiscriminantAnalysis,"Pipeline(steps=[('normalizer', Normalizer()),
                ('selectfrommodel',
                 SelectFromModel(estimator=ExtraTreesClassifier(criterion='entropy',
                                                                max_features=0.6987744926054,
                                                                min_samples_leaf=15,
                                                                min_samples_split=16,
                                                                n_jobs=1,
                                                                random_state=42),
                                 threshold=0.0084536361245)),
                ('featureunion-1',
                 FeatureUnion(transformer_list=[('featureunion',
                                                 FeatureUnion(transformer_list=[('powertransformer',
                                                                                 PowerTransformer())])),
                                                ('passthrough',
                                                 Passthrough())])),
                ('featureunion-2',
                 FeatureUnion(transformer_list=[('skiptransformer',
                                                 SkipTransformer()),
                                                ('passthrough',
                                                 Passthrough())])),
                ('lineardiscriminantanalysis', LinearDiscriminantAnalysis())])",other,0.7766306129137988,306.98667907714844,success,{},,,,0.10285898707690236,3.0929297541798166,0.673814744392707,0.0452609441350749,1.999066765534363,0.40705653491911936,278.44615465072445,2025.5889786487994,7.738272393698158,113.83867084854721,159.43085579722043,111.36287191706428,34.56944444444444,4.833661498170825,5.0964765381202675,4.621441494534741,21.168233333333333,198.88888888888889,117.63494877856581,111.55555555555556,78.38888888888889,0.258335021543355,0.39215686274509803,3,0.0,8,10.972553065789985,1.5095704826426988,120.5,2.4358266721644126,22.770839172096302,0.0,1.0378871009079125,0.024529774191604656,114.9032152230971,2025.5889786487985,0.08339995989730427,classification,0.2576832151300236,0.02127659574468085,4,18,846,0,0.6382978723404256,0.4574468085106383,0.39952718676122934,846,0.2576832151300236,0.0070265300761754666
2074,satimage,LGBMClassifier,"Pipeline(steps=[('maxabsscaler', MaxAbsScaler()),
                ('selectfwe', SelectFwe(alpha=0.0005115425765)),
                ('featureunion-1',
                 FeatureUnion(transformer_list=[('skiptransformer',
                                                 SkipTransformer()),
                                                ('passthrough',
                                                 Passthrough())])),
                ('featureunion-2',
                 FeatureUnion(transformer_list=[('skiptransformer',
                                                 SkipTransformer()),
                                                ('passthrough',
                                                 Passthrough())])),
                ('lgbmclassifier',
                 LGBMClassifier(max_depth=5, n_estimators=71, n_jobs=1,
                                num_leaves=121, random_state=42, verbose=-1))])",gradient_boosting,0.9064928054902576,306.46522402763367,success,"{""max_depth"": 5, ""n_estimators"": 71, ""num_leaves"": 121}",5.0,71.0,121.0,0.1399477784360076,3.5639520463117282,0.6167512933139563,0.137931776020819,2.4968307355171877,0.5041318038992907,0.5247844696486534,1.040788569147022,2.6912644487769524,0.0,4.508661257012208,0.0,1.4124191875,5.133029012907443,-0.19764877690536364,17.48952185819073,1.0372211737416666,2.6848121666666667,-0.0010458745833333346,0.0012069444444444406,-2.4938696944444447,0.9277537689214728,0.4857142857142857,5,0.0,9,2.841484848350305,2.4909334210762744,5.178681861111111,8.595922500424052,1.0201113910877442,1.33227533866188,0.06619753218197647,0.013945052290251439,0.012926825509259264,1.0407885691470222,0.004335021408462716,classification,0.231,0.018,6,36,2000,0,0.9035770749611718,0.7968887480469794,0.42659413501786453,6430,0.23810264385692068,0.0
219,electricity,DecisionTreeClassifier,"Pipeline(steps=[('maxabsscaler', MaxAbsScaler()),
                ('variancethreshold',
                 VarianceThreshold(threshold=0.0003878045217)),
                ('featureunion-1',
                 FeatureUnion(transformer_list=[('skiptransformer',
                                                 SkipTransformer()),
                                                ('passthrough',
                                                 Passthrough())])),
                ('featureunion-2',
                 FeatureUnion(transformer_list=[('skiptransformer',
                                                 SkipTransformer()),
                                                ('passthrough',
                                                 Passthrough())])),
                ('decisiontreeclassifier',
                 DecisionTreeClassifier(max_depth=13, min_samples_leaf=8,
                                        min_samples_split=18,
                                        random_state=42))])",other,0.8496510248558581,431.8263120651245,success,"{""max_depth"": 13}",13.0,,,0.04386438076291949,1.8792168181469153,0.4665897391824228,0.005680429687986301,0.9924820324406043,0.1257141652636566,0.007503190134696764,0.08031635970904132,22.332571299795852,0.09068111376148984,0.16762616915016768,0.08284034277384365,0.10830858928571427,2.8272578402301645,115.48143514571431,0.27829176812723816,0.09773548065,0.8995139285714285,0.2443190646071429,0.16458228571428574,0.005734928571428571,0.04444101035735536,0.02197802197802198,1,0.0,12,41.285645691578864,0.21770598471032135,0.8937790000000001,0.27829176812723816,0.25441038351468115,0.0,4.180392995170888,0.2515423885970175,0.17289816458333332,0.08031635970904134,0.7822940152896787,classification,0.551,0.007,2,15,2000,0,0.5986493644067797,0.7526262358757062,0.7400026483050848,45312,0.5754546257062146,0.46822475282485876
2079,eucalyptus,ExtraTreesClassifier,"Pipeline(steps=[('maxabsscaler', MaxAbsScaler()),
                ('selectpercentile',
                 SelectPercentile(percentile=41.6560702264794)),
                ('featureunion-1',
                 FeatureUnion(transformer_list=[('featureunion',
                                                 FeatureUnion(transformer_list=[('zerocount',
                                                                                 ZeroCount()),
                                                                                ('columnonehotencoder',
                                                                                 ColumnOneHotEncoder())])),
                                                ('passthrough',
                                                 Passthrough())])),
                ('featureunion-2',
                 FeatureUnion(transformer_list=[('skiptransformer',
                                                 SkipTransformer()),
                                                ('passthrough',
                                                 Passthrough())])),
                ('extratreesclassifier',
                 ExtraTreesClassifier(criterion='entropy',
                                      max_features=0.2932213180827,
                                      min_samples_leaf=4, min_samples_split=8,
                                      n_jobs=1, random_state=42))])",other,0.6530612244897959,311.70231914520264,success,"{""max_depth"": null, ""n_estimators"": 100}",,100.0,,0.024318966716718293,0.6388551336725118,0.5362958050387052,0.04226453268348688,2.2620836204282746,0.09112637980362787,15.430259719988062,31309.33009941797,34.31947931662912,0.0,405.92691829372995,0.0,15.13686813186813,2.8350262267119395,42.78820197491177,6.674061189098642,10.419908307692307,545.4867032967034,59.75310293239368,59.309505494505494,31.846153846153847,0.06591252738884669,0.028327228327228327,4,0.0,82,8.692469079567033,1.3779227229796138,513.6405494505494,6.015985663759153,27.110928344532834,0.0,4.831061048768804,0.43737724067259387,59.36555044503009,31309.330099417963,0.0795417975134299,classification,0.2907608695652174,0.12364130434782608,5,96,736,0,0.30713456114152976,0.22285271832310158,0.46748520546429956,736,0.2907608695652174,0.8085371376811594
3021,sick,LGBMClassifier,"Pipeline(steps=[('maxabsscaler', MaxAbsScaler()),
                ('selectpercentile',
                 SelectPercentile(percentile=41.6560702264794)),
                ('featureunion-1',
                 FeatureUnion(transformer_list=[('featureunion',
                                                 FeatureUnion(transformer_list=[('kbinsdiscretizer',
                                                                                 KBinsDiscretizer(encode='onehot-dense',
                                                                                                  n_bins=99,
                                                                                                  random_state=42,
                                                                                                  strategy='kmeans'))])),
                                                ('passthrough',
                                                 Passthrough())])),
                ('featureunion-2',
                 FeatureUnion(transformer_list=[('skiptransformer',
                                                 SkipTransformer()),
                                                ('passthrough',
                                                 Passthrough())])),
                ('lgbmclassifier',
                 LGBMClassifier(boosting_type='dart', max_depth=6,
                                n_estimators=67, n_jobs=1, num_leaves=93,
                                random_state=42, verbose=-1))])",gradient_boosting,0.9827627930592234,469.96002221107483,success,"{""max_depth"": 6, ""n_estimators"": 67, ""num_leaves"": 93}",6.0,67.0,93.0,0.1481330383254671,0.6687461534765009,0.48302303952361875,0.13637956150632266,0.3254569001666994,0.09427828492495141,1.982385232949503,101.65023903565678,30.585785882577564,0.9385095705951997,22.334849676026952,0.7886061896674691,2.2456,0.9835622644407855,41.469083086067684,0.30431026769696384,1.6533955199999997,37.334399999999995,5.58944254,5.6392,0.02,0.010640789202414704,0.05469387755102041,1,0.0,46,61.84742050192508,0.23331125671063535,37.3144,0.30431026769696384,2.951304365857944,0.0,0.8157529161151613,0.44068587504364504,5.6244004,101.65023903565685,0.7666887432893646,classification,0.9405,0.025,2,75,2000,0,0.9093312742758202,0.3883956257254025,0.9387592702909283,3772,0.9387592788971368,0.6209049133969601
3022,vowel,LGBMClassifier,"Pipeline(steps=[('maxabsscaler', MaxAbsScaler()),
                ('selectfwe', SelectFwe(alpha=0.0005115425765)),
                ('featureunion-1',
                 FeatureUnion(transformer_list=[('skiptransformer',
                                                 SkipTransformer()),
                                                ('passthrough',
                                                 Passthrough())])),
                ('featureunion-2',
                 FeatureUnion(transformer_list=[('skiptransformer',
                                                 SkipTransformer()),
                                                ('passthrough',
                                                 Passthrough())])),
                ('lgbmclassifier',
                 LGBMClassifier(max_depth=5, n_estimators=71, n_jobs=1,
                                num_leaves=121, random_state=42, verbose=-1))])",gradient_boosting,0.8787878787878788,308.8130509853363,success,"{""max_depth"": 5, ""n_estimators"": 71, ""num_leaves"": 121}",5.0,71.0,121.0,0.04830293383121431,1.4441860954912993,0.3438036192331001,0.029111205984812153,3.4594316186372978,0.13396828973273162,0.03107132035496741,0.24780000310637365,21.42298985859468,0.0,1.05501419796192,0.0,0.44434259259259257,4.742135510128514,5.285165302327783,9.011822108863496,0.27073923333333333,1.3054074074074076,0.035859109614665166,-0.009777777777777786,-0.721,0.16148220400008312,0.011396011396011397,10,1.0,20,7.943314245887775,2.118441271770432,2.0264074074074077,5.032328365026233,0.4346350469301071,0.0,1.960940447657846,0.31458135849748003,-0.006905162738496058,0.24780000310637362,0.021730616189815383,classification,0.09090909090909091,0.02727272727272727,11,29,990,0,0.602020202020202,0.5565656565656566,0.15151515151515152,990,0.09090909090909091,0.5864158829676072
3549,analcatdata_authorship,LGBMClassifier,"Pipeline(steps=[('maxabsscaler', MaxAbsScaler()),
                ('selectfwe', SelectFwe(alpha=0.0005115425765)),
                ('featureunion-1',
                 FeatureUnion(transformer_list=[('skiptransformer',
                                                 SkipTransformer()),
                                                ('passthrough',
                                                 Passthrough())])),
                ('featureunion-2',
                 FeatureUnion(transformer_list=[('skiptransformer',
                                                 SkipTransformer()),
                                                ('passthrough',
                                                 Passthrough())])),
                ('lgbmclassifier',
                 LGBMClassifier(max_depth=5, n_estimators=71, n_jobs=1,
                                num_leaves=121, random_state=42, verbose=-1))])",gradient_boosting,0.9836309523809524,998.9077661037445,success,"{""max_depth"": 5, ""n_estimators"": 71, ""num_leaves"": 121}",5.0,71.0,121.0,0.018849155529839047,2.8939566006532362,0.9360618658181404,0.05577091822684962,1.7874160492261657,0.14842389025036848,5.460666436075887,50.91796848584856,6.827544002189523,4.390547753420648,61.45022808972294,4.016060453824013,7.1571428571428575,4.419577771859875,2.3253142913452103,24.319674030304984,4.998479999999997,34.4,10.12524205877357,9.2,0.8285714285714286,0.26179487801952794,0.007867494824016562,3,1.0,68,10.054290376289824,2.630175386465062,33.57142857142857,11.87177081713851,5.356526083946353,0.0,1.110728918783191,0.0488234358962868,9.431145685997171,50.91796848584856,0.001570872021763093,classification,0.3769322235434007,0.08323424494649227,4,70,841,0,0.9809778003728181,0.9489069649211999,0.6515929503473987,841,0.3769322235434007,0.11037880074740955
3560,analcatdata_dmft,LogisticRegression,"Pipeline(steps=[('normalizer', Normalizer()),
                ('selectpercentile',
                 SelectPercentile(percentile=87.4306730968204)),
                ('featureunion-1',
                 FeatureUnion(transformer_list=[('featureunion',
                                                 FeatureUnion(transformer_list=[('zerocount',
                                                                                 ZeroCount())])),
                                                ('passthrough',
                                                 Passthrough())])),
                ('featureunion-2',
                 FeatureUnion(transformer_list=[('skiptransformer',
                                                 SkipTransformer()),
                                                ('passthrough',
                                                 Passthrough())])),
                ('logisticregression',
                 LogisticRegression(C=27020.688345605467,
                                    l1_ratio=0.0468523318087, max_iter=1000,
                                    n_jobs=1, penalty='elasticnet',
                                    random_state=42, solver='saga'))])",linear,0.2025422978120294,943.7858209609985,success,{},,,,0.01934022350844305,0.6101355730989885,0.20033720503966307,0.014101674773693377,2.5802592077826514,0.08660228015336313,0.0115300542264408,0.13293314274064955,246.55563580769063,0.0,0.34829874928653176,0.0,0.23809523809523808,3.1799295599211455,4.2670914743046655,0.23567424011808324,0.0,1.0,0.19047619047619047,0.047619047619047616,0.0,0.010465220960494334,0.014285714285714287,5,0.0,16,57.301260470487776,0.221833401039917,1.0,0.08700589616810118,0.352511654602207,0.0,2.1047719513487717,0.49937185929648253,0.09295158564469629,0.13293314274064955,0.795649338385101,classification,0.1944792973651192,0.026348808030112924,6,25,797,0,0.180697025582825,0.1982030548068284,0.1907362746488864,797,0.1944792973651192,0.84
3481,isolet,AdaBoostClassifier,"Pipeline(steps=[('minmaxscaler', MinMaxScaler()),
                ('passthrough', Passthrough()),
                ('featureunion-1',
                 FeatureUnion(transformer_list=[('skiptransformer',
                                                 SkipTransformer()),
                                                ('passthrough',
                                                 Passthrough())])),
                ('featureunion-2',
                 FeatureUnion(transformer_list=[('skiptransformer',
                                                 SkipTransformer()),
                                                ('passthrough',
                                                 Passthrough())])),
                ('adaboostclassifier',
                 AdaBoostClassifier(learning_rate=0.1325640114287,
                                    n_estimators=177, random_state=42))])",other,0.1960878627545294,1989.8103652000427,success,"{""n_estimators"": 177}",,177.0,,0.02547852398090041,3.5832814182633217,0.5540666867134403,0.0702154537780391,4.694314844628275,0.2805408754226858,0.06238419297059915,0.21444959043623285,8.374938681114662,0.0,6.568825389566348,0.0,0.7012292499999999,7.717076953632191,-0.4455645973826781,43.064019886262045,0.4957339968,0.9964099999999999,0.203647903,0.21553,-0.943654,0.5605193092594065,0.15190954773869347,25,0.0,81,5.3927885428207265,9.059563592050493,1.9400639999999998,17.22304817709675,0.45479099399888834,0.0,-0.21238762742441225,9.378726738990633e-05,0.2150116075,0.21444959043623282,1.4006419539032186e-07,classification,0.048,0.1,26,617,2000,0,0.898550724637681,0.8269847377196357,0.0757983839938438,7797,0.038476337052712584,0.003560360351371481
3902,pc4,LGBMClassifier,"Pipeline(steps=[('maxabsscaler', MaxAbsScaler()),
                ('selectpercentile',
                 SelectPercentile(percentile=41.6560702264794)),
                ('featureunion-1',
                 FeatureUnion(transformer_list=[('featureunion',
                                                 FeatureUnion(transformer_list=[('pca',
                                                                                 PCA(n_components=0.726738248022)),
                                                                                ('fastica',
                                                                                 FastICA(algorithm='deflation',
                                                                                         n_components=12,
                                                                                         random_state=42))])),
                                                ('passthrough',
                                                 Passthrough())])),
                ('featureunion-2',
                 FeatureUnion(transformer_list=[('skiptransformer',
                                                 SkipTransformer()),
                                                ('passthrough',
                                                 Passthrough())])),
                ('lgbmclassifier',
                 LGBMClassifier(boosting_type='goss', max_depth=4,
                                n_estimators=77, n_jobs=1, num_leaves=174,
                                random_state=42, verbose=-1))])",gradient_boosting,0.9116555799962898,308.05305194854736,success,"{""max_depth"": 4, ""n_estimators"": 77, ""num_leaves"": 174}",4.0,77.0,174.0,0.10696113664163183,2.77851328667429,0.5680919104322447,0.01675339911370053,0.5353247216329435,0.3509771129070362,469154.3929073482,106280594.7056267,10.728397465204013,1.454861009092415,25643.671109794,0.8231845746621413,360.8931081081081,3.263940088010266,104.57528281035245,0.47651256542966686,116.14768540540543,41034.6472972973,583.4640334779226,83.70851351351352,0.21675675675675674,0.04989792029696802,0.24324324324324323,1,0.0,34,54.6839497545777,0.32272841869855756,41034.43054054055,0.47651256542966686,1837.8290669668515,5.590221773095312,6.437016115950555,0.03634396323185577,142.83245372084414,106280594.70562665,0.6772715813014425,classification,0.877914951989026,0.025377229080932786,2,37,1458,0,0.821673525377229,0.8717421124828532,0.877914951989026,1458,0.877914951989026,0.19037556074593112
3573,mnist_784,AdaBoostClassifier,"Pipeline(steps=[('minmaxscaler', MinMaxScaler()),
                ('passthrough', Passthrough()),
                ('featureunion-1',
                 FeatureUnion(transformer_list=[('skiptransformer',
                                                 SkipTransformer()),
                                                ('passthrough',
                                                 Passthrough())])),
                ('featureunion-2',
                 FeatureUnion(transformer_list=[('skiptransformer',
                                                 SkipTransformer()),
                                                ('passthrough',
                                                 Passthrough())])),
                ('adaboostclassifier',
                 AdaBoostClassifier(learning_rate=0.1325640114287,
                                    n_estimators=177, random_state=42))])",other,0.6472501276472094,1433.3984351158142,success,"{""n_estimators"": 177}",,177.0,,0.014005582482896987,0.849265196036318,0.5306016887628839,0.08212775075099714,3.3159071438614873,0.08100999545987367,359.4589497869437,4063.7871360772424,34.71370612882665,0.0,653.7616859140943,0.0,52.14877300613497,4.069650786204986,341.26048810209267,5.341619347214076,18.632552760736193,234.63803680981596,31.592871165644183,15.205521472392638,0.0,0.09552155369281992,0.03499204726198591,9,0.0,127,7.890822680370144,2.7759030310663513,234.63803680981596,1.9387078447299757,49.891163731753046,0.0,11.601588540539334,0.07590428423823216,20.507786298568504,4063.787136077241,0.024519276364227974,classification,0.115,0.0815,10,784,2000,0,0.9679571216198778,0.5542570700231862,0.19530006987463447,70000,0.11252857142857142,0.8085755284256559
3903,pc3,LGBMClassifier,"Pipeline(steps=[('normalizer', Normalizer()),
                ('selectfrommodel',
                 SelectFromModel(estimator=ExtraTreesClassifier(bootstrap=True,
                                                                class_weight='balanced',
                                                                criterion='entropy',
                                                                max_features=0.1035557631159,
                                                                min_samples_leaf=11,
                                                                min_samples_split=13,
                                                                n_jobs=1,
                                                                random_state=42),
                                 threshold=0.0084536361245)),
                ('featureunion-1',
                 FeatureUnion(transformer_list=[('skiptransformer',
                                                 SkipTransformer()),
                                                ('passthrough',
                                                 Passthrough())])),
                ('featureunion-2',
                 FeatureUnion(transformer_list=[('skiptransformer',
                                                 SkipTransformer()),
                                                ('passthrough',
                                                 Passthrough())])),
                ('lgbmclassifier',
                 LGBMClassifier(boosting_type='goss', max_depth=7,
                                n_estimators=21, n_jobs=1, num_leaves=33,
                                random_state=42, verbose=-1))])",gradient_boosting,0.893594739592941,307.5909070968628,success,"{""max_depth"": 7, ""n_estimators"": 21, ""num_leaves"": 33}",7.0,21.0,33.0,0.14594405774708455,2.8956659163709317,0.4447161833487703,0.008790190692814887,0.4764549714253225,0.4058309978022549,12768345.7449518,3478069177.6951413,11.836604566330891,4.113456375977849,1313.7774634132688,2.0002768775259656,356.1205405405405,3.3318682149325687,237.87796436835845,0.24652916999458852,142.5463801621622,367116.3932432432,1008.1458672684201,105.65810810810811,0.29891891891891886,0.040252672863685425,0.3408408408408408,1,0.0,34,70.93723324105768,0.19777248373229706,367116.09432432434,0.24652916999458852,10334.503124329442,0.0,10.304517686065175,0.016497397299824537,154.927167199148,3478069177.6951427,0.802227516267703,classification,0.8976327575175944,0.023672424824056303,2,37,1563,0,0.837492002559181,0.3525271912987844,0.8976327575175943,1563,0.8976327575175944,0.13300824817139598
3913,kc2,LinearDiscriminantAnalysis,"Pipeline(steps=[('robustscaler',
                 RobustScaler(quantile_range=(0.139906572611,
                                              0.7147270294414))),
                ('selectpercentile',
                 SelectPercentile(percentile=27.6021974967637)),
                ('featureunion-1',
                 FeatureUnion(transformer_list=[('skiptransformer',
                                                 SkipTransformer()),
                                                ('passthrough',
                                                 Passthrough())])),
                ('featureunion-2',
                 FeatureUnion(transformer_list=[('skiptransformer',
                                                 SkipTransformer()),
                                                ('passthrough',
                                                 Passthrough())])),
                ('lineardiscriminantanalysis',
                 LinearDiscriminantAnalysis(shrinkage=0.5525917768506,
                                            solver='lsqr'))])",other,0.8537170263788969,307.1582040786743,success,{},,,,0.3451735258324196,2.474947603100613,0.5985821241842402,0.057040766344953045,0.7317786193052257,0.775320960298443,5460267.115496648,613850878.3687493,4.143978470526874,3.6272236882925055,67085.96873145647,1.6388310055103876,425.15714285714284,3.0301378003110235,128.34934267348595,0.558361963123959,59.56416100000001,111741.90809523809,977.893699142492,42.053571428571416,0.38095238095238093,0.17658842209481504,0.8952380952380953,1,0.0,21,13.015344685348326,0.3583005593929171,111741.52714285713,0.558361963123959,5875.729587941181,1.5433703360743338,8.90170443731233,0.020272758150939457,128.41725508037612,613850878.3687493,0.6416994406070828,classification,0.7950191570881227,0.040229885057471264,2,21,522,0,0.7413793103448275,0.8371647509578545,0.7777777777777778,522,0.7950191570881227,0.1214194490056559
3904,jm1,LGBMClassifier,"Pipeline(steps=[('maxabsscaler', MaxAbsScaler()),
                ('selectfwe', SelectFwe(alpha=0.0005115425765)),
                ('featureunion-1',
                 FeatureUnion(transformer_list=[('skiptransformer',
                                                 SkipTransformer()),
                                                ('passthrough',
                                                 Passthrough())])),
                ('featureunion-2',
                 FeatureUnion(transformer_list=[('skiptransformer',
                                                 SkipTransformer()),
                                                ('passthrough',
                                                 Passthrough())])),
                ('lgbmclassifier',
                 LGBMClassifier(max_depth=5, n_estimators=71, n_jobs=1,
                                num_leaves=121, random_state=42, verbose=-1))])",gradient_boosting,0.8106341982149061,356.20589208602905,success,"{""max_depth"": 5, ""n_estimators"": 71, ""num_leaves"": 121}",5.0,71.0,121.0,0.19886344090333452,3.096314439383362,0.3480571241212389,0.009057730049642712,0.7066720692756119,0.6089535270543303,21777316.87432893,3389379126.471418,14.25601724040908,1.4753419039729685,61073.79597154618,0.9411104028886372,590.6605952380951,3.75341641784339,283.17532993338483,0.13784252345890036,170.28014,524558.1861904762,1629.4751350000001,117.80333333333333,0.19047619047619047,0.04957009081558418,0.6714285714285715,1,0.0,21,61.463360232737806,0.1211437616515475,524557.9957142858,0.13784252345890036,13515.509287761826,1.441829664329781,11.832211208390277,0.011698105334961071,208.78138650793656,3389379126.4714212,0.8788562383484525,classification,0.8075,0.0105,2,21,2000,0,0.668444932299925,0.8056979592605567,0.806522734446847,10885,0.8065227377124483,0.16702758273727497
3918,pc1,LGBMClassifier,"Pipeline(steps=[('standardscaler', StandardScaler()),
                ('selectpercentile',
                 SelectPercentile(percentile=74.4840722231676)),
                ('featureunion-1',
                 FeatureUnion(transformer_list=[('featureunion',
                                                 FeatureUnion(transformer_list=[('columnordinalencoder',
                                                                                 ColumnOrdinalEncoder())])),
                                                ('passthrough',
                                                 Passthrough())])),
                ('featureunion-2',
                 FeatureUnion(transformer_list=[('skiptransformer',
                                                 SkipTransformer()),
                                                ('passthrough',
                                                 Passthrough())])),
                ('lgbmclassifier',
                 LGBMClassifier(class_weight='balanced', max_depth=3,
                                n_estimators=48, n_jobs=1, num_leaves=89,
                                random_state=42, verbose=-1))])",gradient_boosting,0.8545961215452741,306.33936500549316,success,"{""max_depth"": 3, ""n_estimators"": 48, ""num_leaves"": 89}",3.0,48.0,89.0,0.19831642783282807,2.9376186363236885,0.386223405768463,0.006607209615140487,0.36380010531923423,0.6327333982262607,9113908.17003893,1391021745.0931773,11.412045718086157,5.13634683427259,79096.96169872099,2.310722146464298,638.0409523809524,3.2695401359742937,115.30369645839482,0.17532087437187413,251.744774,216793.89238095234,1500.9949675812618,183.56190476190477,0.3333333333333333,0.03187860566862896,0.6904761904761906,1,0.0,21,91.1501607334895,0.1491685191633908,216793.55904761903,0.17532087437187413,8678.609588564534,0.0,7.986854451200737,0.012637119973169433,266.34375883486825,1391021745.093177,0.8508314808366092,classification,0.9305680793507665,0.018935978358881875,2,21,1109,0,0.8782856026758465,0.8656851973925145,0.9296638101516151,1109,0.9305680793507665,0.08948430589548714
3917,kc1,AdaBoostClassifier,"Pipeline(steps=[('minmaxscaler', MinMaxScaler()),
                ('selectpercentile',
                 SelectPercentile(percentile=73.270195074755)),
                ('featureunion-1',
                 FeatureUnion(transformer_list=[('featureunion',
                                                 FeatureUnion(transformer_list=[('pca',
                                                                                 PCA(n_components=0.726738248022)),
                                                                                ('fastica',
                                                                                 FastICA(algorithm='deflation',
                                                                                         n_components=17,
                                                                                         random_state=42))])),
                                                ('passthrough',
                                                 Passthrough())])),
                ('featureunion-2',
                 FeatureUnion(transformer_list=[('skiptransformer',
                                                 SkipTransformer()),
                                                ('passthrough',
                                                 Passthrough())])),
                ('adaboostclassifier',
                 AdaBoostClassifier(learning_rate=0.0693372585296,
                                    n_estimators=177, random_state=42))])",other,0.8476556491764801,337.6794788837433,success,"{""n_estimators"": 177}",,177.0,,0.3058312081150978,2.63617580403928,0.4769122930714202,0.025228300555031273,0.6222126380063134,0.7220111986976584,151094.70913322113,15148963.22052978,6.692785653928314,0.7725031433686667,13532.268760770288,0.47102575640744737,136.85833333333332,3.1654207795236196,31.58840924426975,0.29440678526722946,23.878685,16869.353333333333,291.75902595238097,17.600238095238097,0.23809523809523808,0.09296766252197353,0.7952380952380953,1,0.0,21,27.355836131904493,0.2274453352826402,16869.115238095237,0.29440678526722946,933.9053392334658,1.1372391289974653,4.193032381052426,0.01869077475557919,43.50771111111111,15148963.22052979,0.7725546647173598,classification,0.845,0.0105,2,21,2000,0,0.6747273589378852,0.8236130867709814,0.8454243717401612,2109,0.8454243717401612,0.17042606516290726
9910,Bioresponse,AdaBoostClassifier,"Pipeline(steps=[('minmaxscaler', MinMaxScaler()),
                ('passthrough', Passthrough()),
                ('featureunion-1',
                 FeatureUnion(transformer_list=[('skiptransformer',
                                                 SkipTransformer()),
                                                ('passthrough',
                                                 Passthrough())])),
                ('featureunion-2',
                 FeatureUnion(transformer_list=[('skiptransformer',
                                                 SkipTransformer()),
                                                ('passthrough',
                                                 Passthrough())])),
                ('adaboostclassifier',
                 AdaBoostClassifier(learning_rate=0.1325640114287,
                                    n_estimators=177, random_state=42))])",other,0.757,987.8783168792725,success,"{""n_estimators"": 177}",,177.0,,0.04097991668197745,1.9393460428672677,0.6316314177265182,0.007639048938871812,0.9907694103987649,0.16164922519047892,0.0017031111719099023,0.016167940981008933,70.81706160459107,0.06083616639129459,0.5778305115880613,0.056467852122465884,0.09281261850125,2.9161249065256047,74.62758420708295,0.66377792630579,0.04755267680003399,0.87257534898,0.16587956713071,0.1490720673275,0.014341976045,0.013990546740427497,0.047839195979899496,1,0.0,191,137.61831698565976,0.39895824785921136,0.858233372935,0.66377792630579,0.10301909160954324,0.0,3.851713731109827,0.06482336383669621,0.15042768548165,0.01616794098100894,0.6010417521407886,classification,0.5565,0.1,2,1776,2000,0,0.7302038902211564,0.6083719690913935,0.7368718358646417,3751,0.5422553985603839,0.8395881218461864
7592,adult,AdaBoostClassifier,"Pipeline(steps=[('passthrough', Passthrough()),
                ('selectpercentile',
                 SelectPercentile(percentile=24.1691612339961)),
                ('featureunion-1',
                 FeatureUnion(transformer_list=[('skiptransformer',
                                                 SkipTransformer()),
                                                ('passthrough',
                                                 Passthrough())])),
                ('featureunion-2',
                 FeatureUnion(transformer_list=[('skiptransformer',
                                                 SkipTransformer()),
                                                ('passthrough',
                                                 Passthrough())])),
                ('adaboostclassifier',
                 AdaBoostClassifier(learning_rate=0.6184852890321,
                                    n_estimators=363, random_state=42))])",other,0.8546821400444241,1061.7961390018463,success,"{""n_estimators"": 363}",,363.0,,0.0026405549425431115,0.3376488743091528,0.6466663135880923,0.012492018667662048,0.801629101585612,0.02839012444922159,700.9792340418285,111484707.60513853,66.76078924999288,1550.3345390897184,6023.028823417569,1214.219689820034,1190.5096153846155,1.1272704920020291,430.0909152693311,0.7187367153537351,897.9281365384616,8392.836538461539,1859.349024038461,1746.7932692307693,190.1153846153846,0.012007483892735697,0.0022404779686333084,1,0.0,96,27.11986901880618,0.418177321129613,8202.721153846154,0.7187367153537351,1099.7346972076966,0.0,14.457766124475487,0.4721883024592736,1724.1406410256411,111484707.60513836,0.5818226788703871,classification,0.756,0.052,2,113,2000,0,0.7326072114629328,0.7949306573270088,0.7607182349443268,48842,0.7607182343065395,0.8926607486013235
9946,wdbc,LogisticRegression,"Pipeline(steps=[('minmaxscaler', MinMaxScaler()),
                ('selectfwe', SelectFwe(alpha=0.0113136926891)),
                ('featureunion-1',
                 FeatureUnion(transformer_list=[('skiptransformer',
                                                 SkipTransformer()),
                                                ('passthrough',
                                                 Passthrough())])),
                ('featureunion-2',
                 FeatureUnion(transformer_list=[('skiptransformer',
                                                 SkipTransformer()),
                                                ('passthrough',
                                                 Passthrough())])),
                ('logisticregression',
                 LogisticRegression(C=17.851458568596, class_weight='balanced',
                                    l1_ratio=0.5408374656191, max_iter=1000,
                                    n_jobs=1, penalty='elasticnet',
                                    random_state=42, solver='saga'))])",linear,0.9714186127570583,307.7793982028961,success,{},,,,0.10720863843148418,2.999955970180525,0.879957192374749,0.05158464086252799,0.9526351224018599,0.39489663070391817,676.4651048491814,15063.218541913295,3.105245541925668,54.205967045723625,1009.1627866986585,48.40541217985295,35.21501196666667,3.6458085500942636,7.698004290153014,3.4311443236370343,20.797861403199995,264.18550833333336,61.89071233954306,50.799370566666674,15.604080399999999,0.3067825424881211,0.3333333333333333,1,0.0,29,8.778770153770033,0.7743246604120511,248.58142793333337,3.4311443236370343,34.904718603211656,0.0,1.7312412463356572,0.0002087540337474961,53.29460552322644,15063.218541913287,0.22567533958794891,classification,0.6274165202108963,0.05272407732864675,2,30,569,0,0.9050960735171261,0.9367492806089297,0.8840248770073332,569,0.6274165202108963,0.0045694200351493845
9952,phoneme,LGBMClassifier,"Pipeline(steps=[('maxabsscaler', MaxAbsScaler()),
                ('selectfwe', SelectFwe(alpha=0.0005115425765)),
                ('featureunion-1',
                 FeatureUnion(transformer_list=[('skiptransformer',
                                                 SkipTransformer()),
                                                ('passthrough',
                                                 Passthrough())])),
                ('featureunion-2',
                 FeatureUnion(transformer_list=[('skiptransformer',
                                                 SkipTransformer()),
                                                ('passthrough',
                                                 Passthrough())])),
                ('lgbmclassifier',
                 LGBMClassifier(max_depth=5, n_estimators=71, n_jobs=1,
                                num_leaves=121, random_state=42, verbose=-1))])",gradient_boosting,0.880175803839926,307.98792910575867,success,"{""max_depth"": 5, ""n_estimators"": 71, ""num_leaves"": 121}",5.0,71.0,121.0,0.06548092447303358,3.5173611844063517,0.5000951330588256,0.01528523932031493,0.8706510209167263,0.11849917560108644,0.11571136668507483,0.9797870653947218,6.4412998384526645,0.0,1.2795935998023156,0.0,1.27257245,4.25284522928523,0.3536558271568505,0.33350249632003015,0.8725003148399999,3.1533002,0.001107949000000001,-0.17923889999999998,-2.6116336,0.13516697603784814,0.0,1,0.0,3,25.02234131080549,0.2500951421091245,5.7649338,0.33350249632003015,0.9897022752778566,1.2344046164616178,0.7710253712119148,2.2978066971929575e-05,-0.1454889025,0.9797870653947219,0.7499048578908756,classification,0.7085,0.0025,2,5,2000,0,0.8839747228027016,0.7614720764946838,0.755182152062107,5404,0.7065136935603257,0.0
9960,wall-robot-navigation,LGBMClassifier,"Pipeline(steps=[('maxabsscaler', MaxAbsScaler()),
                ('selectfwe', SelectFwe(alpha=0.0005115425765)),
                ('featureunion-1',
                 FeatureUnion(transformer_list=[('skiptransformer',
                                                 SkipTransformer()),
                                                ('passthrough',
                                                 Passthrough())])),
                ('featureunion-2',
                 FeatureUnion(transformer_list=[('skiptransformer',
                                                 SkipTransformer()),
                                                ('passthrough',
                                                 Passthrough())])),
                ('lgbmclassifier',
                 LGBMClassifier(max_depth=5, n_estimators=71, n_jobs=1,
                                num_leaves=121, random_state=42, verbose=-1))])",gradient_boosting,0.9949567571229818,335.6504819393158,success,"{""max_depth"": 5, ""n_estimators"": 71, ""num_leaves"": 121}",5.0,71.0,121.0,0.0933937489337903,3.3522770668789845,0.5126190359627593,0.04559390045662536,1.7097620602632284,0.17129583776711807,0.27027272552738957,1.6334337583362617,5.318245157425824,1.7545986794890613,4.902991552121779,1.5422200087201237,1.4429166666666664,4.740549235335345,2.23367220310653,1.208912794625647,0.8561088374999999,5.003125,2.0546657708333336,1.6691666666666667,0.627125,0.3214898918068681,0.021739130434782608,3,0.0,14,9.427317163964931,0.8199626797376409,4.376,0.6366963731811385,1.2589457290462787,1.6725444234186768,1.4999673557054178,0.0005556022933892245,1.7536815972222222,1.6334337583362621,0.3727016198506003,classification,0.3995,0.012,4,24,2000,0,0.7714552195553072,0.5163111418343593,0.6992305882594856,5456,0.4041422287390029,0.0
9957,qsar-biodeg,MLPClassifier,"Pipeline(steps=[('normalizer', Normalizer(norm='max')),
                ('passthrough', Passthrough()),
                ('featureunion-1',
                 FeatureUnion(transformer_list=[('skiptransformer',
                                                 SkipTransformer()),
                                                ('passthrough',
                                                 Passthrough())])),
                ('featureunion-2',
                 FeatureUnion(transformer_list=[('skiptransformer',
                                                 SkipTransformer()),
                                                ('passthrough',
                                                 Passthrough())])),
                ('mlpclassifier',
                 MLPClassifier(activation='identity', alpha=0.0179535539978,
                               hidden_layer_sizes=[439, 439, 439],
                               learning_rate_init=0.0558851230308,
                               n_iter_no_change=32, random_state=42))])",other,0.860196192254949,485.15135979652405,success,{},,,,0.07029833648825423,1.9212987443485579,0.7041822472530489,0.02372439863394536,0.9223486063040568,0.1653857250051487,0.47139390861138103,7.9369836894269055,13.698431907517781,0.0,5.79288498861899,0.0,1.467558536585366,2.7763149280416832,44.40592861158518,0.9836257146133862,0.6465510117073169,16.562963414634147,2.683521574384464,2.2048853658536585,0.3683878048780488,0.06733242261093157,0.05975609756097561,1,0.0,41,27.534525713569536,0.4958726373463541,16.194575609756097,0.9836257146133862,1.5943960155554693,0.0,3.7878442281591074,0.10363270828272975,2.359163279774978,7.936983689426899,0.5041273626536459,classification,0.6625592417061611,0.03886255924170616,2,41,1055,0,0.7791348312181645,0.7070814987481654,0.7061345290511958,1055,0.6625592417061611,0.46311409085654837
